sample_id	reference	raw_reads	trimmed_reads	mapped_pct	duplication_pct	mean_depth	median_depth	breadth_pct	breadth10x_pct	missing_pct	iupac_pct	callable_pct	gc_pct	q30_pct	insert_size	total_variants	snps	ti_tv	ann_high	ann_moderate	ann_low	ann_modifier	eff_missense	eff_synonymous	lineage	date	genome_len	snp_profile
TB-P1-d0	NC_000962.3	1981200	2233600	98.8	16.4	83.1	74.8	98.6	93.8	1.84	0.64	97.52	65.9	89.7	358	1380	1322	1.61	39	555	79	649	528	290	L2	2019	4411532	3,2,0,0,1,1,1,1,1,1,1,0,0,0,2,1,2,0,2,1,2,1,2,1,0,1,0,2,2,2,0,0,1,0,13,9,2,2,0,0,0,0,0,2,2,0,0,2,0,0,0,0,0,2,1,1,0,1,0,1,0,2,1,1,2,2,8,2,2,0,0,0,0,2,1,21,2,1,2,0,0,2,1,0,0,0,1,2,1,2,1,0,0,2,2,2,2,6,1,0,0,2,1,8,0,0,0,1,0,0,0,2,0,0,1,2,2,1,1,1,1,2,1,12,1,2,1,2,0,2,2,1,2,2,0,0,0,2,0,1,2,2,0,1,1,0,2,0,2,0,1,0,2,2,2,0,2,0,2,1,2,1,2,0,1,1,2,0,0,2,1,0,0,0,2,0,1,1,1,0,1,2,1,1,0,1,1,0,2,1,2,0,3,2,0,2,9,0,1,7
TB-P1-d60	NC_000962.3	3050800	1576000	96.8	21.0	39.5	35.6	97.2	94.9	1.83	0.06	98.11	65.7	92.8	334	1007	984	1.72	29	413	59	483	393	216	L2	2019	4411532	9,0,0,0,2,0,0,1,0,2,2,2,0,2,2,2,2,2,1,1,2,2,2,2,0,0,0,2,1,0,1,2,0,0,5,11,2,1,1,0,0,0,2,1,0,1,2,2,0,0,2,1,2,0,1,0,1,1,1,1,1,2,1,1,1,1,10,2,2,1,1,2,1,2,1,12,0,2,1,0,0,2,0,2,1,0,0,1,2,0,1,1,2,0,1,2,0,12,1,2,2,1,2,10,0,0,0,1,1,1,2,0,2,2,1,2,2,1,1,1,1,2,1,12,2,2,0,0,2,1,2,1,1,0,2,2,0,1,1,1,1,1,1,2,2,0,2,0,1,2,2,0,2,1,1,2,2,2,1,2,1,0,2,1,0,1,2,1,1,1,1,2,1,1,0,1,2,0,2,0,2,0,1,0,0,1,0,2,0,0,1,2,13,1,1,2,10,1,2,6
TB-P1-d120	NC_000962.3	3484800	1465600	95.6	25.3	47.0	42.3	97.0	94.3	2.36	0.55	97.09	65.2	93.3	203	1157	1128	1.66	33	473	67	555	451	248	L2	2019	4411532	9,2,0,0,1,1,2,2,0,2,0,1,1,0,1,2,2,1,1,0,0,0,1,2,2,1,0,1,2,2,1,1,1,0,10,3,1,2,0,1,1,2,2,2,0,1,2,0,0,2,2,2,2,2,1,0,0,0,1,1,2,2,0,1,0,2,7,1,0,0,1,0,1,1,1,22,2,0,0,0,1,1,2,1,1,1,0,1,0,1,0,1,2,1,0,1,0,10,1,0,1,1,2,9,1,2,1,2,0,1,2,0,2,2,0,0,2,1,2,2,0,0,2,12,2,2,2,0,0,1,2,0,1,0,0,1,1,1,1,2,2,0,1,1,2,0,0,2,2,2,0,2,1,2,2,2,1,2,1,2,2,2,0,1,2,2,1,2,2,1,2,0,1,2,1,0,2,2,2,0,2,1,0,1,1,1,1,1,2,2,1,1,10,0,1,2,6,2,1,6
TB-P1-d180	NC_000962.3	2482400	1118400	97.1	12.1	45.4	40.8	99.2	96.5	1.32	0.29	98.39	65.8	92.4	378	1056	1028	1.52	30	431	61	506	411	226	L2	2019	4411532	13,0,2,1,2,0,2,1,2,2,2,1,0,2,1,2,1,0,2,1,1,0,1,0,0,2,2,2,0,2,2,2,0,1,9,13,0,0,2,2,0,1,0,1,2,1,1,1,1,0,2,2,1,2,0,1,2,0,1,0,0,2,1,0,0,2,7,2,1,0,1,1,0,1,2,9,2,2,2,0,2,1,2,1,1,1,1,0,2,2,1,1,2,0,2,0,0,11,1,1,2,1,2,11,2,0,1,1,1,2,0,0,2,0,1,1,0,2,0,1,2,0,0,4,0,0,1,2,1,0,1,2,1,0,2,0,0,0,0,0,1,1,2,0,2,1,2,0,2,0,2,1,2,2,1,2,2,0,0,0,2,2,1,2,1,0,2,2,0,1,2,0,0,2,1,0,1,1,1,0,1,0,1,2,0,2,0,1,2,1,2,2,6,0,1,1,6,0,2,4
TB-P2-t1	NC_000962.3	3384000	2457600	58	14.6	6.5	5.9	71.0	67.8	12.0	0.46	87.54	64.2	94.4	250	1347	1312	1.69	39	551	78	644	524	288	L4	2020	4411532	9,2,1,0,0,0,1,0,2,1,2,0,0,2,2,0,2,2,1,0,0,2,2,0,1,0,1,1,2,1,2,2,2,1,11,8,0,2,1,2,2,1,0,1,0,1,1,2,0,1,1,2,0,1,1,1,0,1,1,1,1,0,1,2,1,0,7,0,0,2,0,2,0,2,0,8,0,1,1,0,1,0,0,1,1,0,1,1,2,2,0,2,2,0,2,1,1,9,1,1,1,1,1,11,2,0,1,2,0,2,1,0,2,2,2,1,1,2,1,2,1,0,1,11,0,1,1,1,0,0,2,0,2,0,2,1,1,1,1,1,2,1,1,2,2,2,2,2,2,0,1,0,0,1,1,2,2,0,1,2,2,2,0,0,0,1,0,0,2,2,1,1,2,1,1,0,2,2,0,2,1,1,1,1,2,0,2,1,1,1,0,0,11,2,1,1,13,1,1,9
TB-P2-t2	NC_000962.3	3795600	2249600	95.7	24.8	63.8	57.4	99.1	95.4	3.48	0.88	95.64	65.8	90.1	209	1054	1011	1.63	30	424	60	497	404	222	L4	2020	4411532	11,1,1,0,1,2,2,0,0,0,0,2,0,2,0,0,2,1,2,2,0,2,2,0,0,0,0,2,1,2,0,1,2,1,8,8,1,0,1,1,0,0,2,1,2,2,2,2,0,0,1,2,1,1,2,1,0,0,0,1,2,2,1,2,1,1,12,2,1,1,2,0,0,0,1,14,1,0,2,1,2,2,2,0,0,0,1,0,2,2,0,1,2,0,0,0,1,11,2,2,1,0,0,9,0,1,2,1,1,0,0,0,0,2,1,2,2,0,2,2,0,1,1,7,1,2,0,1,1,1,0,0,1,1,2,1,1,2,0,0,2,1,0,0,2,2,1,2,0,2,1,1,2,1,0,1,2,1,2,0,2,2,0,0,2,2,2,1,2,2,1,2,0,1,0,2,1,1,0,2,2,2,1,2,2,2,2,2,0,0,0,0,7,0,1,2,10,1,1,4
TB-P2-t3	NC_000962.3	2328400	1747200	96.8	23.3	58.5	52.7	98.5	95.1	1.69	0.86	97.45	65.0	88.5	289	1005	967	1.57	29	406	58	474	386	212	L4	2020	4411532	6,0,2,2,0,0,2,0,1,2,2,1,0,2,1,0,0,2,0,0,1,0,1,2,1,2,0,0,1,0,0,2,0,1,8,8,1,0,0,2,2,1,1,0,1,0,0,1,1,2,1,2,0,1,2,0,2,1,1,0,0,1,2,1,0,2,9,0,2,1,2,1,2,0,1,18,1,0,1,1,1,0,2,1,0,2,0,0,1,0,2,2,1,1,2,1,2,5,2,2,0,1,1,6,0,1,0,2,0,2,1,0,2,0,2,1,0,1,2,0,1,1,0,5,0,0,0,2,0,2,0,0,2,1,2,2,1,2,0,2,0,1,0,0,0,1,1,2,2,2,0,1,1,2,0,1,0,2,1,1,0,2,0,0,2,1,0,2,1,1,1,1,2,0,0,2,0,2,2,0,1,2,0,0,2,2,1,2,2,0,0,0,11,2,1,2,11,2,2,3
TB-P2-t4	NC_000962.3	1309200	1142400	96.7	28.4	59.5	53.6	98.1	94.6	2.4	0.69	96.91	64.3	88.6	256	995	956	1.49	28	401	57	470	382	210	L4	2020	4411532	3,1,1,1,0,2,2,1,0,1,0,1,1,0,2,0,0,2,2,0,1,2,0,1,0,2,1,0,2,2,2,2,1,2,7,4,1,0,2,1,2,0,0,2,0,2,2,0,0,2,2,2,2,2,2,1,1,1,2,1,0,2,1,2,0,2,12,1,0,2,2,2,1,2,0,10,1,0,1,0,0,2,1,1,1,2,1,2,0,0,2,0,0,1,0,1,0,7,0,2,1,1,0,12,2,2,1,2,2,1,0,1,0,0,2,2,0,2,2,2,0,2,0,13,0,0,0,1,1,2,1,0,0,1,0,2,1,2,0,2,2,2,0,2,2,1,2,0,2,2,1,0,1,2,2,1,2,2,1,0,0,1,2,0,1,2,2,0,2,1,2,0,1,2,0,0,1,2,2,1,1,1,0,0,2,1,0,2,1,0,1,2,9,0,0,1,3,2,0,7
TB-P3-v1	NC_000962.3	3151600	2142400	98.6	20.2	64.1	57.7	96.6	92.8	2.81	0.28	96.92	64.9	90.5	273	1161	1118	1.64	33	469	67	549	447	245	L3	2021	4411532	7,0,2,2,1,1,2,2,1,1,1,1,1,1,0,1,2,2,2,0,2,0,1,1,0,2,1,1,2,1,0,0,2,2,6,7,2,1,2,1,1,0,1,1,1,0,0,1,0,2,0,2,2,0,2,2,2,2,0,0,1,1,1,1,1,1,7,0,2,0,0,2,1,1,2,22,1,0,2,1,0,1,0,0,2,1,2,0,1,2,0,0,0,2,0,1,0,12,0,2,2,2,0,7,0,1,2,0,2,2,2,2,1,2,1,1,0,0,0,0,2,1,2,5,0,0,0,0,1,2,0,1,1,2,0,1,1,2,2,1,1,0,0,0,2,2,1,2,2,1,2,2,2,2,2,1,2,2,1,1,0,2,0,1,1,1,2,1,2,1,0,2,2,2,1,0,2,2,2,1,1,1,0,2,0,0,2,0,0,0,2,2,7,1,2,2,10,2,0,7
TB-P3-v2	NC_000962.3	2933200	2128000	99.3	10.7	49.4	44.4	97.5	94.7	3.08	0.82	96.11	65.8	88.2	312	1219	1188	1.62	35	498	71	584	475	261	L3	2021	4411532	10,1,0,0,2,2,0,1,1,0,0,0,1,2,0,0,1,1,1,2,1,2,1,2,2,2,0,2,1,0,2,2,0,0,6,9,0,0,1,2,0,0,1,2,0,0,1,1,2,0,0,1,1,0,0,0,1,2,0,1,0,1,2,1,1,2,6,2,2,2,0,2,0,2,1,24,2,0,2,2,0,2,0,2,0,0,0,1,1,2,1,1,1,2,0,2,2,9,2,0,0,2,2,5,1,0,2,0,1,0,1,0,1,0,0,2,0,0,0,2,0,1,0,5,2,1,2,0,0,1,0,0,0,0,0,0,1,0,0,2,1,2,2,1,2,2,2,1,1,0,0,2,2,2,2,2,0,2,1,2,0,2,1,2,1,0,1,2,0,0,2,1,1,0,1,2,1,2,1,1,0,1,2,0,0,0,1,2,0,2,2,2,6,0,2,1,7,1,2,11
TB-P3-v3	NC_000962.3	2474000	2379200	97.8	25.6	66.8	60.1	99.2	95.3	2.61	0.16	97.23	65.1	89.0	349	1157	1112	1.56	33	467	66	546	444	244	L3	2021	4411532	10,1,0,2,1,2,0,2,0,2,2,1,2,2,0,0,1,0,0,2,0,0,2,2,0,2,2,1,1,0,2,0,1,0,4,10,0,1,2,0,0,1,2,1,2,2,0,0,0,1,1,0,0,0,0,0,2,2,2,2,2,2,2,2,1,1,6,0,0,0,0,0,2,2,2,13,2,1,2,1,1,2,0,0,0,2,1,2,0,2,1,0,2,1,0,2,1,6,2,0,0,1,2,7,1,0,1,1,1,2,1,1,2,2,1,0,2,0,0,1,2,1,1,11,1,0,2,0,0,0,1,0,1,2,2,0,2,2,2,1,1,2,0,0,1,0,0,0,1,2,2,2,0,2,0,0,1,1,1,1,1,1,1,2,0,2,0,2,0,0,0,2,0,2,0,2,1,2,2,1,1,1,2,2,1,2,2,2,2,0,2,2,10,0,1,2,7,1,0,6
TB-2019-A	NC_000962.3	2331200	1916800	95.6	26.9	55.3	49.8	97.1	93.9	2.0	0.7	97.29	65.1	88.7	340	1314	1278	1.46	38	536	76	628	511	281	L1	2019	4411532	3,0,2,0,2,2,2,1,2,2,1,0,0,2,2,2,2,2,1,0,0,2,0,0,1,1,1,0,1,2,0,0,2,1,5,4,1,0,0,0,0,2,0,1,1,0,0,1,1,1,0,0,1,2,2,2,1,0,1,0,2,0,1,1,0,2,13,1,2,2,2,1,1,0,2,21,0,2,1,0,0,1,0,1,1,0,1,1,2,2,2,1,0,2,0,2,1,8,1,1,0,1,0,9,2,0,1,1,2,0,1,2,0,2,1,2,2,1,1,2,1,2,2,4,0,1,1,2,2,0,2,0,1,0,2,2,1,0,1,2,2,1,0,2,2,0,2,2,2,1,1,1,0,0,1,0,2,1,2,0,1,2,2,1,1,1,1,0,0,0,2,0,0,1,1,0,1,2,2,1,1,1,1,1,0,2,1,0,2,1,1,2,11,1,1,0,6,0,2,10
TB-2019-B	NC_000962.3	3081600	2166400	58	12.7	6.5	5.9	71.0	68.8	12.0	0.62	87.38	65.5	90.0	258	1080	1058	1.54	31	444	63	520	423	232	L4	2019	4411532	3,1,0,0,2,1,0,1,0,0,0,0,1,2,0,1,2,1,1,0,1,0,2,2,1,2,0,2,1,2,1,2,1,2,8,7,1,2,0,1,1,1,1,1,0,2,1,2,2,0,1,2,0,0,0,1,2,0,1,1,0,2,0,1,1,2,7,1,0,2,1,1,2,2,2,8,1,2,2,1,0,0,0,2,0,2,2,1,0,2,2,2,1,1,0,1,1,4,0,1,0,1,0,6,0,1,0,2,2,1,2,1,1,2,1,1,0,1,1,2,2,0,2,4,1,1,2,1,1,0,2,0,0,1,0,0,1,2,0,1,2,2,2,1,0,1,0,0,1,2,0,0,1,1,2,1,2,1,2,2,0,2,2,0,0,2,0,2,1,2,2,2,1,0,1,2,2,2,2,1,2,1,1,1,2,1,2,2,1,0,0,2,7,2,2,2,8,0,2,12
TB-2020-C	NC_000962.3	3146000	1684800	96.1	28.5	55.0	49.5	96.4	93.2	2.35	0.17	97.48	65.1	92.2	185	1012	976	1.72	29	409	58	480	390	214	L2	2020	4411532	7,0,1,0,0,0,1,2,2,1,0,0,0,1,2,0,1,2,2,2,2,1,0,1,1,2,2,2,2,0,2,1,1,1,12,6,1,1,1,2,1,0,2,1,2,0,0,2,0,0,2,0,2,2,0,0,0,1,2,2,2,2,0,1,1,2,12,0,2,2,0,0,0,2,2,14,2,0,2,1,1,2,2,0,0,2,1,1,2,2,2,1,2,0,0,0,2,8,2,1,2,0,1,5,1,1,1,0,2,1,0,2,1,1,0,2,0,2,1,0,0,2,2,8,0,2,0,2,0,0,1,1,2,0,2,1,2,1,1,1,2,2,0,1,2,0,2,2,2,0,1,1,1,2,2,1,0,2,1,0,1,0,1,1,1,0,2,2,0,1,2,1,0,2,0,0,1,1,0,0,1,2,0,0,1,0,2,2,2,1,2,2,9,0,1,2,4,2,2,6
TB-2020-D	NC_000962.3	3848800	1462400	98.6	19.5	72.7	65.4	97.7	93.4	2.66	0.27	97.07	65.1	89.7	282	1033	983	1.62	29	412	58	484	393	216	L4	2020	4411532	5,2,2,0,1,2,1,2,2,1,0,0,2,1,2,0,0,1,0,1,2,2,0,1,0,1,2,2,1,2,0,0,2,1,7,11,0,2,0,1,1,1,2,0,0,1,2,1,0,1,0,1,0,2,2,0,2,2,0,1,2,2,1,2,2,0,5,1,1,0,0,0,0,0,0,8,2,0,0,2,1,2,1,0,0,2,1,0,1,1,2,2,1,0,1,2,0,7,2,2,0,0,2,7,2,1,2,2,2,2,2,0,1,0,0,0,2,2,2,2,2,0,0,10,1,0,2,2,1,2,0,2,2,1,1,0,0,2,2,1,1,0,2,2,2,1,2,2,2,1,2,0,0,0,2,0,2,2,2,2,1,2,1,2,2,0,1,0,2,0,1,2,2,2,0,2,1,2,2,1,2,1,1,2,0,1,0,0,0,2,0,0,12,1,0,2,10,1,1,3
TB-2021-E	NC_000962.3	1852400	1216000	99.1	26.5	70.8	63.7	98.6	94.5	1.75	0.86	97.4	65.3	89.9	369	1353	1305	1.56	39	548	78	640	522	287	L3	2021	4411532	7,0,2,0,0,2,1,1,0,2,1,0,1,2,1,1,2,0,0,0,2,1,0,0,2,1,0,1,0,2,1,1,0,1,4,10,0,1,2,0,0,0,0,0,1,0,2,1,1,1,2,1,1,2,0,2,0,0,2,1,0,0,0,1,2,1,5,2,2,0,1,0,0,2,0,18,2,1,2,1,1,1,1,1,1,0,0,1,1,1,0,1,0,2,1,2,0,5,0,1,0,2,2,10,1,2,0,0,0,1,1,1,0,2,0,0,1,2,0,1,2,0,2,7,0,0,1,1,2,0,0,0,2,0,2,1,0,2,2,0,2,2,1,1,1,0,1,2,2,0,0,1,0,2,0,1,2,2,2,0,0,2,1,1,0,2,1,0,0,0,2,0,0,1,1,0,0,1,0,2,0,1,0,2,1,0,0,1,1,2,0,1,5,1,1,0,10,2,0,7
TB-2022-F	NC_000962.3	2219200	1683200	99.2	14.6	84.8	76.3	98.3	93.3	2.61	0.31	97.08	65.5	93.9	347	1022	963	1.47	28	404	57	474	385	211	L2	2022	4411532	4,1,1,0,1,2,2,2,2,1,2,2,0,1,0,1,2,0,2,0,2,2,0,2,0,0,2,0,2,2,1,0,1,1,6,11,1,0,1,1,2,2,0,1,2,1,2,2,2,0,0,2,0,2,1,0,2,1,1,2,1,0,1,1,2,0,10,2,1,0,0,0,2,2,1,16,2,1,0,0,2,0,2,0,2,1,1,1,1,1,1,1,1,0,0,1,2,13,2,0,1,1,1,6,2,2,0,1,1,1,1,0,2,0,2,0,1,1,0,0,0,1,1,9,1,2,2,2,2,2,1,0,0,0,2,2,1,2,1,0,2,2,1,1,2,1,1,1,1,2,0,2,0,1,0,1,2,0,0,0,1,0,0,1,2,2,1,0,0,1,1,0,2,1,0,2,0,2,1,0,1,2,0,2,2,0,0,0,0,0,2,0,9,0,0,2,8,2,0,9
